EmployeeID,Name,DoB,SSN,Email,Job,DateOfLastPromotion
98296.0,Gabriel Green,1968-11-28,222-57-8602,smcgee@example.net,"Research officer, political party",2020-02-13
95206.0,Donald Brown,1993-06-13,465-61-3332,aweiss@example.net,Pathologist,2021-11-24
17628.0,Jordan Blankenship,1973-08-14,224-55-6011,joshua02@example.org,Animal nutritionist,2023-01-16
25412.0,Lucas Jones,1967-10-02,535-73-0002,uramirez@example.net,Event organiser,2023-03-14
44947.0,Anthony Mcdaniel,1981-01-02,556-64-5995,smithalicia@example.net,Musician,2020-06-18
93520.0,Lauren Carter,1990-03-30,560-42-5678,porterrichard@example.net,"Designer, television/film set",2019-10-17
56857.0,Whitney Chambers,1976-11-06,423-38-3398,yhughes@example.com,Set designer,2020-05-26
54993.0,Michelle White,1976-03-22,081-55-8130,pagechristine@example.com,Technical brewer,2023-12-05
26857.0,Hayden Clark,1997-09-28,418-44-1847,brucenelson@example.net,"Engineer, maintenance",2023-06-12
71364.0,Jordan Mathews,1974-10-28,788-91-3970,adamslaura@example.net,Multimedia specialist,2023-03-27
86156.0,William Burch,1995-06-22,434-40-7823,benjaminshannon@example.com,Ecologist,2021-03-26
34109.0,Leslie King,1980-03-17,324-83-4983,joshua75@example.org,"Scientist, water quality",2020-11-16
64404.0,Stephen White,1983-04-19,123-83-4799,greenangela@example.org,Translator,2021-08-05
39653.0,Christine Fleming,1986-02-15,697-49-4819,schneidervictor@example.org,"Restaurant manager, fast food",2021-11-16
30170.0,James Chapman,1977-08-01,075-74-7467,joshua82@example.net,Dealer,2022-11-16
82377.0,Blake Mccoy,2003-07-03,341-12-1570,erin06@example.com,Scientific laboratory technician,2021-05-23
39922.0,John Allen,1981-06-27,591-59-1104,john25@example.com,"Conservator, furniture",2023-11-13
87912.0,Melissa Strong,1992-02-01,834-75-4183,elizabethholloway@example.org,Geochemist,2021-01-09
51416.0,Scott White,1991-12-06,115-91-7696,drakemelissa@example.net,"Teacher, music",2023-06-17
57222.0,Danny Jones,1967-10-27,145-50-0467,alyssa31@example.net,Speech and language therapist,2022-12-24
95362.0,Peter Moran,1968-09-27,344-04-9698,hopkinstanya@example.net,"Development worker, community",2022-01-30
93405.0,Keith Lang,1962-01-08,597-94-5883,lwatts@example.com,Ergonomist,2023-08-12
94283.0,Matthew Yang,1971-02-12,089-68-4217,zimmermankimberly@example.com,Primary school teacher,2024-01-05
34722.0,Colleen Miranda,1959-07-25,267-98-0363,zevans@example.net,Hospital doctor,2021-09-28
71027.0,Stephen Becker,1990-03-21,890-76-1981,jenningssharon@example.com,Web designer,2022-02-16
58690.0,Robert Rivera,1964-08-09,704-28-1632,wtanner@example.org,Chartered accountant,2019-09-11
46839.0,Calvin Tate,1986-09-07,633-18-3980,jacksonerik@example.net,Chief Strategy Officer,2021-04-24
28871.0,Lucas Gaines,1962-05-07,429-12-4367,melissa53@example.org,Make,2020-09-07
21501.0,Deanna Brooks,1983-02-27,320-52-7967,douglasgarner@example.org,Arts development officer,2020-06-17
38274.0,Troy Cox,1960-11-17,147-64-0694,yanderson@example.com,Ambulance person,2019-08-12
74621.0,Mr. Charles Rhodes II,1960-12-04,036-60-7449,angela76@example.net,"Teacher, early years/pre",2021-07-10
65128.0,Amy Sandoval,1997-11-06,112-54-6150,josephmartin@example.com,"Administrator, local government",2021-09-26
50394.0,Kevin Brown,1990-09-27,858-47-8663,xevans@example.net,"Doctor, general practice",2020-07-03
88770.0,Brenda Barber,1976-11-26,778-60-8556,upotter@example.net,"Scientist, forensic",2022-11-26
46287.0,Jacob Cruz,1973-11-24,293-90-0879,oclark@example.com,Community development worker,2024-07-15
35321.0,Tracy Torres,1962-08-17,202-56-5564,ruben36@example.net,"Teacher, early years/pre",2020-04-29
18624.0,Jack Lowery,1967-05-31,895-61-7545,ucrawford@example.net,Aeronautical engineer,2021-01-06
65954.0,David Soto,1974-07-11,196-73-6593,donna67@example.net,Dancer,2022-03-16
21436.0,Dana Miller,1983-12-25,617-17-1072,erichull@example.org,Production engineer,2022-07-03
36789.0,Anthony Jones,2005-05-28,733-21-7665,whiteleah@example.net,"Producer, radio",2021-01-11
93337.0,Amanda Adams,1976-11-18,161-74-4020,chensley@example.net,Management consultant,2020-04-17
19465.0,Samuel Baird,1977-01-13,423-34-9292,shannongentry@example.net,Radio producer,2022-07-18
27135.0,Steven Baker,2002-05-08,308-56-6679,paulhatfield@example.net,Sports coach,2020-08-22
78312.0,Douglas Dunn,1961-04-26,879-97-9532,tsmith@example.net,"Psychologist, occupational",2024-03-20
30436.0,David Coleman,1995-07-22,108-42-8507,ballarddonna@example.net,"Psychologist, educational",2021-02-04
28355.0,Jenna Hill,1993-12-18,827-51-1674,ryanjulia@example.net,Amenity horticulturist,2023-05-13
83332.0,Charlotte Bruce,1992-02-29,603-83-2021,jonathanmitchell@example.com,Personnel officer,2022-10-11
87164.0,Jennifer Pittman,1965-06-13,513-82-7772,egraves@example.org,"Programmer, multimedia",2020-12-26
28159.0,Allison Powell,1998-01-21,411-67-0159,bondmelissa@example.org,Sports therapist,2021-03-29
82121.0,Luis Espinoza,1995-06-25,551-74-4936,beckscott@example.net,"Scientist, research (physical sciences)",2022-09-12
78443.0,Amanda Davis,2003-04-26,233-77-6319,traceywilson@example.net,Further education lecturer,2022-02-15
87279.0,Thomas Smith,1987-03-31,569-57-6835,darin28@example.org,Research scientist (medical),2022-05-31
71418.0,Daniel Lozano,1979-12-21,709-95-1317,travis34@example.org,"Editor, magazine features",2023-10-08
51118.0,Elizabeth Campbell,1971-03-24,267-28-2614,timothy64@example.com,Warehouse manager,2022-02-13
75079.0,Christopher Hardy,1967-01-23,726-57-7854,nancy10@example.net,Catering manager,2022-05-01
17575.0,Tabitha Wilson,2003-05-11,855-36-7672,smithlaura@example.net,Adult nurse,2022-03-09
95100.0,William Brown,2006-05-20,389-17-8161,caitlyn70@example.com,Site engineer,2019-11-14
77758.0,Jeremiah Smith,1962-06-07,659-68-0928,hcross@example.org,Agricultural consultant,2021-04-29
64319.0,Joseph Collier,1983-06-07,859-82-0851,marissa76@example.org,Geographical information systems officer,2021-05-09
70850.0,Sarah Ramos,2000-05-08,001-82-3745,benjamin74@example.net,Graphic designer,2023-03-02
15133.0,Ashley Dean,1995-03-31,465-19-8573,clarkallison@example.net,Physiological scientist,2023-01-06
56215.0,Kenneth Duran,1959-11-14,446-28-0308,bethany50@example.net,"Secretary, company",2024-02-01
58567.0,Mary Potts,1996-02-06,240-08-0038,silvabryan@example.net,Public house manager,2020-07-29
92365.0,Tony Hoffman,1977-10-30,033-73-9957,matthewphillips@example.net,"Surveyor, hydrographic",2020-11-19
10420.0,Rachael Coleman,1962-12-05,256-91-2471,glong@example.org,"Engineer, building services",2022-04-06
69896.0,Angel Lee,1970-08-26,825-42-9985,obrientroy@example.org,"Accountant, chartered management",2020-04-06
66413.0,Mark Mann,1967-05-22,262-01-9247,nathan03@example.com,"Nurse, mental health",2021-08-26
37587.0,Joy Stark,2004-01-02,429-07-9888,parkjared@example.org,"Engineer, land",2024-01-06
48232.0,Yolanda Miller,1998-04-07,807-93-2305,sheri77@example.com,Plant breeder/geneticist,2020-09-24
60135.0,Joel Gaines,1980-10-15,763-38-4269,jacob63@example.org,"Pharmacist, hospital",2023-05-12
58759.0,Dr. George Bennett,1965-12-09,012-09-1977,ruben81@example.org,Illustrator,2022-08-18
79404.0,Scott Hines,1964-05-03,381-61-7096,stephen38@example.com,Set designer,2021-04-29
34305.0,Danielle Mcgrath,1976-11-26,774-59-7365,powersjohn@example.com,"Development worker, community",2021-03-10
43893.0,Michael Scott,1996-12-12,860-89-4936,bonniewillis@example.com,Agricultural consultant,2019-08-03
50306.0,Michael Chambers,1962-11-28,694-04-2315,derrickkirk@example.org,"Therapist, nutritional",2021-04-24
34125.0,David Esparza,1986-08-10,023-11-9203,donaldmiller@example.org,Learning mentor,2020-07-03
97650.0,Nicole Bates,1960-09-18,076-64-4450,bishopdustin@example.net,Immigration officer,2023-03-23
16881.0,Denise James,1979-10-02,369-85-0831,pbush@example.org,Risk analyst,2024-06-24
70457.0,Omar Hensley,1988-05-26,274-29-6304,spalmer@example.net,"Scientist, physiological",2021-04-11
48526.0,Tanya Anderson,1962-06-07,295-64-4231,daniellematthews@example.com,"Presenter, broadcasting",2021-07-15
22216.0,Autumn Christian,1974-12-17,171-86-7219,pcox@example.net,Medical technical officer,2020-06-30
15153.0,Jenna Smith,2001-07-22,175-82-6124,hectorlucas@example.net,Museum/gallery exhibitions officer,2022-12-30
44122.0,Tanya Dixon,2001-09-25,835-59-9857,coledavid@example.com,Phytotherapist,2020-09-06
43146.0,Gary Hill,1972-12-31,890-75-6180,andrewmiller@example.org,"Administrator, Civil Service",2021-07-26
75966.0,Tyler Barker,1968-09-07,711-82-5142,cory61@example.net,"Surveyor, minerals",2022-11-07
22223.0,Maria Sullivan,1991-07-26,166-74-8268,scarter@example.com,Restaurant manager,2023-11-14
51413.0,Dawn Saunders,1996-08-04,198-77-0772,gloverbrian@example.net,Administrator,2022-03-20
35417.0,Scott Hopkins,1966-04-14,526-57-8026,chris34@example.net,Counsellor,2020-11-15
43432.0,Mrs. Jennifer Johnson DVM,1995-04-23,867-62-9976,andrewcain@example.org,Forensic psychologist,2021-03-25
69119.0,Alex Edwards,1964-10-06,898-62-5159,brittany22@example.net,Environmental manager,2023-03-26
96614.0,Katherine Bentley,1969-02-16,822-69-0064,tina74@example.net,"Engineer, communications",2023-03-11
43335.0,Anthony Willis,1996-02-14,402-29-1898,andrewmontoya@example.org,"Surveyor, hydrographic",2022-08-30
74046.0,Mark White,1995-03-18,744-97-7264,deniserussell@example.com,Architectural technologist,2021-05-28
57468.0,John Williams,1998-01-24,062-04-2809,hernandezjill@example.net,"Lecturer, higher education",2023-11-04
59119.0,Steven Smith,2001-07-27,433-38-0550,heather86@example.org,Chemical engineer,2021-12-24
65817.0,Matthew Thompson,2005-05-09,062-35-3053,kimberlybaxter@example.net,Occupational psychologist,2021-01-06
71215.0,Christopher Stone,1987-04-15,526-14-7997,william27@example.com,Solicitor,2022-11-27
60224.0,Shannon Moore,1977-05-01,670-18-7145,fullersophia@example.net,Broadcast engineer,2020-02-08
53646.0,Dana Lane,1998-06-12,226-90-2234,robert38@example.org,Recycling officer,2020-08-27
75581.0,Lisa Barker,1969-06-07,455-28-0623,mclaughlinaimee@example.net,Medical secretary,2023-08-17
15015.0,Brandy Mills,2005-07-10,053-92-4838,rlittle@example.org,Financial trader,2020-03-18
82688.0,Joseph Thomas,1991-10-25,834-60-0416,amyreyes@example.org,Educational psychologist,2024-07-20
50411.0,Eric Russell,1997-01-16,337-75-4112,ethan59@example.org,Holiday representative,2020-05-12
80373.0,Jennifer Hebert,1976-03-14,310-96-1738,shannonweeks@example.com,Web designer,2022-09-07
13603.0,Tonya Harris,1971-07-29,808-13-9775,smithkayla@example.com,Planning and development surveyor,2022-05-17
33553.0,Jasmine Gibson,1961-05-18,648-04-2042,ryan91@example.com,"Psychotherapist, child",2024-07-02
98394.0,Daniel Gonzalez,1992-07-24,290-39-2811,fhansen@example.com,"Education officer, environmental",2024-03-01
50716.0,Jeremiah Wilkins,2001-09-02,045-63-9532,thomas36@example.com,Music tutor,2020-02-16
84000.0,Christina Banks,1963-01-10,400-65-3433,zgates@example.com,Air cabin crew,2020-04-13
66620.0,Emily Williams,1977-10-08,575-49-5512,ashleygoodman@example.org,"Engineer, maintenance",2022-10-06
23994.0,Connie Garner,1974-01-13,179-45-2715,anthonycamacho@example.org,Teaching laboratory technician,2023-01-29
68625.0,Angela Miller,1960-02-26,636-58-4361,rossrose@example.org,"Journalist, newspaper",2021-08-25
77074.0,Tracey Alvarez,1982-11-05,422-28-6684,vmartin@example.com,Commercial art gallery manager,2021-11-05
53493.0,Jennifer West,1992-04-07,747-19-9576,brianna23@example.net,Land/geomatics surveyor,2021-04-25
47610.0,Stacey Hardy,1993-02-25,254-84-2833,rlang@example.net,"Scientist, product/process development",2021-01-05
73269.0,Chloe Bush,1967-01-09,454-48-6614,jacobsonnathan@example.net,"Accountant, chartered",2020-06-23
88206.0,Joshua Franklin,1997-11-24,752-47-0048,jeremywalker@example.com,Sports development officer,2022-04-25
20522.0,Francisco Hall,1965-03-15,858-15-7554,renee74@example.com,Medical sales representative,2023-12-09
93312.0,Aaron Nash,1975-05-11,098-61-5273,ruizchristine@example.net,Financial controller,2024-02-24
20773.0,Karen Cooper,1976-06-28,085-18-8556,rmedina@example.com,Technical author,2021-04-04
37050.0,Andrew Jones MD,2001-09-19,811-75-2569,asmith@example.net,Financial controller,2022-04-27
62757.0,Kelly Adams,1982-04-27,278-35-6081,rachelrussell@example.net,Newspaper journalist,2023-11-20
79036.0,Mark Fuller,1975-11-28,710-35-4273,angela05@example.org,"Sound technician, broadcasting/film/video",2024-05-23
27501.0,Douglas Lee,1993-12-27,742-24-0390,michellemorales@example.net,Proofreader,2020-12-24
76793.0,Joann Jackson,1990-05-01,387-33-1273,victoria91@example.com,Chief Executive Officer,2019-11-16
73313.0,Shawn Smith,1992-12-24,855-37-4310,wmartinez@example.org,Geophysicist/field seismologist,2020-05-30
14651.0,Haley Yoder,1990-02-24,029-76-1273,lmckenzie@example.org,Financial adviser,2020-12-28
76898.0,Laura Caldwell,1982-09-24,476-58-9816,sarahmcdonald@example.com,Recruitment consultant,2021-10-09
42452.0,Sarah Davidson,1975-03-28,070-56-1703,suarezmark@example.net,Science writer,2020-12-14
86597.0,Brian Walker,1988-11-14,235-12-8912,anita57@example.org,Psychiatrist,2023-11-28
78290.0,Richard Hardy,1962-10-29,760-38-6078,robinsonevan@example.org,Medical technical officer,2020-04-01
30846.0,Susan Murphy,1994-11-12,869-01-1035,mary09@example.com,Chartered loss adjuster,2021-05-31
14456.0,Cindy Foster,1984-10-03,549-79-6697,fsaunders@example.com,"Engineer, site",2023-02-15
82251.0,Holly Smith,1962-10-13,730-13-7496,jacob34@example.org,Neurosurgeon,2022-05-09
34465.0,Jessica Mcguire,1979-02-21,228-77-0612,jasonjohnson@example.com,Wellsite geologist,2022-12-17
84641.0,Alyssa Butler,1976-06-27,096-83-7725,ywall@example.org,Microbiologist,2020-08-04
50507.0,Christopher Williams,1974-06-01,272-99-1241,yyoder@example.com,Statistician,2022-05-26
49895.0,Mary Weaver,1967-03-13,322-70-2083,michellewilliams@example.net,"Conservator, furniture",2023-05-18
60174.0,Julie Wolfe,1973-08-18,040-34-2912,jack82@example.net,"Research officer, political party",2023-08-11
32060.0,Daisy Shelton,1995-07-05,443-71-2284,johnsoneric@example.com,Corporate treasurer,2020-03-05
53225.0,Christine Horne,2003-11-28,095-16-9017,molly50@example.org,Architect,2021-02-15
66834.0,Jennifer Bradley,1979-06-11,657-61-4649,bethany89@example.com,"Surveyor, planning and development",2023-12-04
15303.0,Matthew White,1980-11-15,014-96-5787,carlosjefferson@example.org,Landscape architect,2019-10-07
43312.0,Mark Daniels,1987-08-12,397-65-3575,wfields@example.net,Games developer,2022-04-06
99456.0,Natasha Taylor,2002-10-10,030-90-6628,leslie04@example.org,"Therapist, speech and language",2024-05-16
48160.0,Patricia Houston,1985-03-25,213-77-6759,daniel97@example.net,Restaurant manager,2021-08-01
99421.0,Sarah Cooper,1969-07-15,095-44-4777,leebrittany@example.org,Fitness centre manager,2023-05-19
36730.0,Christine Kramer,1987-05-26,499-15-4413,qpierce@example.com,Health promotion specialist,2024-06-27
92760.0,Hunter Smith,1977-08-19,468-79-9763,uhampton@example.net,Associate Professor,2020-06-06
12230.0,Lisa Hoffman MD,2000-01-10,756-18-5194,robinsontammy@example.com,Geophysical data processor,2020-03-25
37959.0,Lucas Young,1975-11-01,156-83-8886,rpatrick@example.com,Audiological scientist,2022-06-07
86993.0,Jose Sanders,1968-10-13,176-33-8198,twilliams@example.org,Food technologist,2023-01-05
72861.0,Dominique Allison,2004-09-23,654-96-7270,asharp@example.net,Glass blower/designer,2020-12-18
40854.0,James Christensen,1963-11-14,470-66-9354,leeroberto@example.com,Call centre manager,2020-01-23
83993.0,Dr. Gina Dudley,1963-10-29,852-11-4336,angelaalexander@example.com,"Scientist, product/process development",2023-04-05
93688.0,Joshua Harris,1979-04-06,099-74-2406,lawsonmichelle@example.org,Television floor manager,2023-06-05
71770.0,Robert Coleman,1984-10-04,527-59-0305,bassashley@example.com,Environmental consultant,2020-05-13
99362.0,Russell Lindsey,1983-01-17,386-63-9743,denise21@example.com,Medical illustrator,2021-08-28
69245.0,Shawn Wright,2001-02-18,461-25-1320,morenomiranda@example.com,Furniture designer,2024-07-04
93051.0,Micheal Miller,1980-03-15,342-38-1339,ann51@example.org,Food technologist,2021-06-21
65193.0,Heather Payne,1977-04-16,732-49-5814,khinton@example.com,Hotel manager,2022-12-12
70952.0,Paula Lee,1987-05-11,694-75-4584,limatthew@example.com,Energy manager,2022-09-28
55837.0,Kimberly Ferguson,2003-12-22,490-74-1789,mariajordan@example.org,"Investment banker, corporate",2022-07-21
97648.0,Darren Patrick,1961-03-10,100-41-5565,robert35@example.org,Gaffer,2023-12-13
67531.0,Grace Curtis,2000-04-22,117-10-6546,francisrobert@example.com,Structural engineer,2021-07-05
34963.0,Ariana Jones,1971-01-23,723-71-4031,jeffery35@example.com,Primary school teacher,2022-08-01
36516.0,Kimberly Shah,1995-05-23,498-35-0936,jamesjuarez@example.org,Magazine features editor,2024-06-09
48586.0,Bethany Ellis,1965-09-08,864-21-0820,amber72@example.net,Paramedic,2024-06-19
84700.0,Mary Kramer,1972-10-09,465-24-6825,wcantu@example.org,Airline pilot,2021-09-30
88378.0,Alicia Henry,1980-08-14,843-46-1317,shannon40@example.net,Oceanographer,2021-05-12
11517.0,Renee Herrera,1987-10-24,292-92-2491,tammy44@example.com,Proofreader,2023-09-06
58045.0,Jeffrey Martin,1974-11-18,069-36-9885,iwilliamson@example.com,"Engineer, control and instrumentation",2024-05-10
84045.0,Michael Silva,1987-09-04,697-59-9375,wallerjoel@example.net,Medical physicist,2020-04-04
99571.0,Kimberly Ray,1994-03-31,390-41-4777,zharvey@example.org,Investment analyst,2021-01-21
74420.0,Tamara Armstrong,1964-01-22,439-12-8180,jgarcia@example.net,Interior and spatial designer,2020-02-21
60944.0,Cathy Guerra,1990-11-30,451-96-7479,samantha88@example.net,Geographical information systems officer,2020-02-13
47129.0,Aimee Williams,1986-07-23,390-73-1109,fsanders@example.net,"Research officer, trade union",2020-02-13
82977.0,Jodi Reed,1964-02-06,601-46-9200,dross@example.org,"Designer, graphic",2022-10-13
84182.0,Sara Burnett,1981-11-05,355-45-0597,jennifer63@example.net,Estate manager/land agent,2019-08-24
79573.0,Arthur Turner,1958-08-12,777-08-0915,hbeasley@example.com,"Scientist, research (life sciences)",2021-06-27
75912.0,Sara Oconnor,1963-11-30,306-26-4896,jamiepreston@example.org,Insurance account manager,2023-04-23
79933.0,Monica Perez,1982-05-18,856-16-1972,alexismejia@example.com,Health physicist,2023-09-29
49682.0,Kelly Hooper,1995-10-04,099-76-1317,lewiskaitlin@example.net,Software engineer,2020-01-27
34327.0,Andrew Levy,1972-12-19,122-40-5419,briandunn@example.org,Physiological scientist,2020-04-26
39678.0,Louis Brown,2003-06-10,161-19-8699,cherylrios@example.org,Government social research officer,2024-06-06
91605.0,Crystal Stone,1986-04-12,621-10-4387,istevens@example.net,Historic buildings inspector/conservation officer,2020-04-15
30934.0,Michael Valencia,1980-05-06,734-66-9749,glewis@example.net,"Education officer, museum",2022-05-15
79388.0,Steven Simon,2005-01-20,055-31-7557,mcdonaldkathryn@example.org,Statistician,2022-05-06
52426.0,Robert Frazier,1982-12-02,412-27-5913,johnadams@example.net,Special effects artist,2024-03-01
70373.0,Michael Garcia PhD,1997-10-19,839-99-7940,romeroedward@example.com,Occupational therapist,2022-10-30
33160.0,Joseph Owen,1982-09-05,771-50-5284,diazdana@example.com,Tour manager,2020-07-18
45296.0,Cody Doyle,1974-12-02,811-04-4366,christinaboyle@example.com,Microbiologist,2020-08-29
63573.0,Evelyn Roberts,2004-10-14,670-82-2239,mercadodaniel@example.org,Research scientist (physical sciences),2020-10-30
10806.0,Elizabeth Williams,1959-12-11,325-40-6270,dawsonwendy@example.org,Radiation protection practitioner,2020-10-12
31416.0,Donald Perez,1995-01-11,263-71-3971,jeremymarks@example.org,Equities trader,2020-03-12
25035.0,Tina Russell,2005-10-21,250-76-7377,fzimmerman@example.net,Professor Emeritus,2022-06-26
86676.0,Jack Wang,1975-05-02,131-32-5000,vanessahardin@example.net,Therapeutic radiographer,2020-08-15
92241.0,Joshua Howell,1966-11-21,598-77-5784,qwilliams@example.com,Estate agent,2021-09-23
57177.0,Anna Haley,1994-06-30,723-52-5180,ruizleslie@example.net,Diagnostic radiographer,2020-11-14
84046.0,Tamara Washington,1969-03-25,321-35-0143,austin94@example.com,"Engineer, broadcasting (operations)",2022-02-24
26868.0,Crystal Burton,1985-06-20,594-28-2720,ysellers@example.net,"Investment banker, corporate",2020-06-27
68869.0,Jessica Brown,1983-04-10,064-20-5493,ahooper@example.com,Sports development officer,2023-10-03
98925.0,Daniel Berry,1986-09-13,675-58-8940,zbarnett@example.org,Professor Emeritus,2019-10-30
41105.0,Angela Burnett,1958-10-21,017-67-7746,gayjoseph@example.org,Dramatherapist,2021-07-03
60072.0,Patrick Pena,1998-12-22,327-75-8655,jeremy19@example.com,"Research officer, trade union",2024-06-07
67345.0,Nicholas Neal,1996-02-07,880-89-0722,istrickland@example.net,Land/geomatics surveyor,2024-06-24
27362.0,Melissa Sanchez,1980-10-10,111-11-4982,danielle27@example.org,Radio broadcast assistant,2024-06-14
78745.0,Michael Brown,1984-07-12,383-90-2346,michaelwise@example.org,Mudlogger,2021-07-20
66877.0,Karen White,1988-10-04,852-39-7897,deanjanet@example.net,Translator,2024-06-17
50952.0,April Thomas,1976-03-20,709-49-8379,malonejanet@example.com,"Engineer, biomedical",2023-05-26
32318.0,Sandra Martinez,1998-05-31,692-64-1437,brussell@example.org,Recruitment consultant,2022-04-26
25402.0,Nathan Coleman,1985-04-22,837-99-1130,lindseyrivera@example.org,Diplomatic Services operational officer,2021-11-25
24301.0,Jennifer Robertson,1964-08-31,032-81-9695,hubermichael@example.com,Intelligence analyst,2022-09-30
39884.0,Michelle Tate,1980-06-19,497-82-3245,mollyharrison@example.org,Barista,2023-11-23
63199.0,Michelle Reilly,1978-02-18,170-47-0461,ktaylor@example.com,Editorial assistant,2021-11-22
76814.0,Jennifer Stevenson,1994-07-15,548-41-8112,catherine65@example.net,Computer games developer,2023-02-18
62894.0,Matthew Hudson,1999-04-08,300-52-6059,medinaricky@example.net,Chartered certified accountant,2022-03-10
30832.0,Kevin Riley,1987-12-07,790-10-0733,gwalker@example.net,Theme park manager,2023-07-08
47347.0,Hector Ball,1996-05-28,785-43-6304,davewest@example.org,Stage manager,2022-09-05
84467.0,Diane Perry,2001-04-14,231-57-4914,ccampos@example.org,Radio producer,2020-08-27
28151.0,Jennifer Stevens,1984-04-27,363-99-3334,benjaminmcmillan@example.com,Air traffic controller,2019-11-09
86566.0,Christopher Barnes,1973-02-11,211-17-2564,flivingston@example.org,Telecommunications researcher,2024-05-03
54980.0,Billy Pace,1999-09-29,650-93-9456,daniel34@example.net,"Psychologist, forensic",2024-04-14
53157.0,Eric Rhodes,1966-01-18,076-91-7597,frederickcarlson@example.com,Geophysical data processor,2023-11-21
22410.0,Jillian Lopez,1987-12-05,526-56-1595,kim08@example.com,"Engineer, maintenance",2022-07-18
25713.0,Lance Ellis,1981-04-22,129-22-8231,ebrock@example.com,Systems developer,2021-05-21
80713.0,Jordan Copeland,1967-08-15,812-40-2714,nathan61@example.com,Firefighter,2024-02-10
95774.0,Christine Taylor,1965-01-15,739-52-8604,julie29@example.org,Pension scheme manager,2021-01-28
35861.0,Lacey Clark,1991-06-23,766-21-7910,brandy23@example.org,"Psychologist, educational",2020-07-08
71499.0,Gail Oconnor,1979-03-30,737-65-9569,jordan03@example.org,Radio producer,2022-03-14
43223.0,Meghan Brown,1979-06-27,067-71-8935,christophercastaneda@example.net,"Merchandiser, retail",2024-06-25
70459.0,Kayla Nicholson,1992-07-12,814-62-5502,hernandezchristopher@example.net,"Therapist, sports",2024-01-12
86894.0,Amanda Drake,1978-01-10,664-43-4956,montoyalynn@example.com,"Programme researcher, broadcasting/film/video",2022-09-26
14455.0,Michael Lopez,2002-11-22,054-47-2991,wgreen@example.com,Surgeon,2024-06-15
92942.0,Joseph Boyd,1999-09-14,128-30-7536,amanda98@example.com,Geographical information systems officer,2019-12-27
59280.0,Jessica Craig,1961-02-23,868-09-1933,raymondduran@example.org,Farm manager,2020-07-31
55650.0,Lisa Smith,1991-09-22,021-90-6954,jason08@example.net,Pharmacologist,2022-08-13
41893.0,Joseph Perez,1960-11-13,702-07-8249,emeyer@example.org,Textile designer,2020-08-26
74616.0,Lauren Robinson,1987-07-19,089-26-6328,lisa51@example.com,Armed forces operational officer,2020-12-06
52164.0,Emily Ball,1995-06-18,590-68-2433,rodneycarlson@example.org,Planning and development surveyor,2022-10-25
12159.0,George Choi,1991-05-26,698-39-0285,kenneth52@example.com,"Education officer, museum",2020-01-17
23408.0,Jimmy Hanson,1972-11-12,291-72-5928,sharpmichael@example.net,"Producer, television/film/video",2024-06-21
71870.0,Susan Vasquez,1973-06-30,248-07-5478,wdavis@example.com,Special effects artist,2020-06-07
16766.0,Brent Tran,1989-06-05,697-37-7853,victoria26@example.com,Heritage manager,2021-05-23
89552.0,Jodi Gonzalez,1990-03-13,251-89-6322,denise75@example.net,"Designer, ceramics/pottery",2024-02-09
23869.0,Andrew Ramos,1970-05-21,571-59-2166,phillipsvincent@example.org,Probation officer,2019-09-11
63540.0,Eddie Bishop,1979-03-28,581-78-5540,shawerica@example.net,"Embryologist, clinical",2020-10-14
16221.0,Jason Smith,1977-04-05,688-37-9273,berryderek@example.com,Theme park manager,2021-07-22
98581.0,Brandon Dunn,2005-11-28,481-73-0166,karen83@example.org,Youth worker,2019-11-12
41506.0,Michelle Koch,1997-03-13,634-29-7680,thompsonjessica@example.com,Fish farm manager,2023-09-06
